{
  "$schema": "http://json-schema.org/draft-07/schema#",
  "type": "object",
  "title": "Query",
  "format": "grid",
  "required": ["name", "entityName","selectionSet", "pageSize", "sorts", "filters"],
  "properties": {
    "name": {
      "minLength": 1,
      "title": "Query Name",
      "type": "string"
    },
    "entityName": {
      "minLength": 1,
      "type": "string",
      "title": "Entity Name",
      "description": "The entity this query based on"
    },
    "pageSize":{
      "title": "Page Size",
      "default": 10,
      "type":"integer",
      "description": "Page Size for pagination"
    },
    "selectionSet":{
      "title": "Selection Set",
      "type": "string",
      "format": "textarea",
      "description":"a group of fields enclosed within {} that specifies what fields are needed, same syntax as GraphQL"
    },
    "sorts": {
      "description": "Add one or many fields to sort by",
      "title": "Sorts",
      "$ref": "sorts.json"
    },
    "filters": {
      "title": "Filters",
      "$ref": "filters.json",
      "description": "Add filter conditions"
    }
  }
}
