{
  "$schema": "http://json-schema.org/draft-07/schema#",
  "type": "object",
  "title": "View",
  "format": "grid",
  "required": ["name", "entityName","attributeNames", "pageSize", "sorts", "filters"],
  "properties": {
    "name": {
      "minLength": 1,
      "title": "View Name",
      "type": "string"
    },
    "entityName": {
      "minLength": 1,
      "type": "string",
      "title": "Entity Name",
      "description": "The entity this view based on"
    },
    "pageSize":{
      "title": "Page Size",
      "default": 10,
      "type":"integer",
      "description": "Page Size for pagination"
    },
    "sorts": {
      "description": "Add one or many fields to sort by",
      "title": "Sorts",
      "$ref": "sorts.json"
    },
    "filters": {
      "title": "Filters",
      "$ref": "filters.json",
      "description": "Add filter conditions"
    },
    "attributeNames": {
      "type": "array",
      "format": "table",
      "title": "Attribute Names",
      "description": "Attributes display in this view",
      "items": {
        "type": "string",
        "title": "Attribute"
      }
    }
  }
}
